Price,Close,High,Low,Open,Volume
Ticker,GLD,GLD,GLD,GLD,GLD
Date,,,,,
2020-01-02,143.9499969482422,144.2100067138672,143.39999389648438,143.86000061035156,7733800
2020-01-03,145.86000061035156,146.32000732421875,145.39999389648438,145.75,12272800
2020-01-06,147.38999938964844,148.47999572753906,146.9499969482422,148.44000244140625,14403300
2020-01-07,147.97000122070312,148.13999938964844,147.42999267578125,147.57000732421875,7978500
2020-01-08,146.86000061035156,148.61000061035156,146.13999938964844,148.49000549316406,22248500
2020-01-09,146.02999877929688,146.41000366210938,145.44000244140625,146.07000732421875,10292300
2020-01-10,146.91000366210938,146.99000549316406,146.1699981689453,146.22000122070312,6183300
2020-01-13,145.82000732421875,146.3800048828125,145.77999877929688,146.35000610351562,7593800
2020-01-14,145.69000244140625,145.80999755859375,145.0800018310547,145.4199981689453,6589700
2020-01-15,146.5399932861328,146.72999572753906,145.82000732421875,146.2100067138672,6510000
2020-01-16,146.30999755859375,146.47000122070312,145.75999450683594,146.27000427246094,6069100
2020-01-17,146.5800018310547,146.99000549316406,146.30999755859375,146.50999450683594,11121100
2020-01-21,146.74000549316406,146.86000061035156,145.5500030517578,145.77000427246094,6086100
2020-01-22,146.7899932861328,146.80999755859375,146.3800048828125,146.67999267578125,4778200
2020-01-23,147.1199951171875,147.6199951171875,146.6199951171875,147.0,8419800
2020-01-24,147.97999572753906,148.3800048828125,146.88999938964844,146.89999389648438,9919900
2020-01-27,148.99000549316406,149.32000732421875,148.4600067138672,149.24000549316406,9988100
2020-01-28,147.66000366210938,148.55999755859375,147.52999877929688,148.36000061035156,7543100
2020-01-29,148.4600067138672,148.55999755859375,147.61000061035156,147.6999969482422,5013100
2020-01-30,148.47000122070312,149.30999755859375,148.00999450683594,148.69000244140625,9119500
2020-01-31,149.3300018310547,149.67999267578125,148.80999755859375,148.8800048828125,14788300
2020-02-03,148.36000061035156,148.77999877929688,147.67999267578125,148.66000366210938,9105300
2020-02-04,146.42999267578125,147.02999877929688,145.8000030517578,146.97000122070312,10525600
2020-02-05,146.61000061035156,146.80999755859375,146.16000366210938,146.3800048828125,6160700
2020-02-06,147.39999389648438,147.6300048828125,147.0,147.27999877929688,4819800
2020-02-07,147.7899932861328,148.17999267578125,147.33999633789062,147.8300018310547,6379300
2020-02-10,148.1699981689453,148.4499969482422,147.91000366210938,148.2100067138672,5793600
2020-02-11,147.66000366210938,148.16000366210938,147.00999450683594,148.02999877929688,5179400
2020-02-12,147.5399932861328,147.80999755859375,147.16000366210938,147.4199981689453,5040600
2020-02-13,148.3800048828125,148.5800018310547,147.9499969482422,148.24000549316406,7082100
2020-02-14,149.0,149.1300048828125,148.6300048828125,148.74000549316406,5345400
2020-02-18,150.91000366210938,151.08999633789062,149.47000122070312,149.8800048828125,11524900
2020-02-19,151.7899932861328,151.82000732421875,150.82000732421875,151.0,9269800
2020-02-20,152.41000366210938,152.8300018310547,151.9499969482422,152.0,8457300
2020-02-21,154.6999969482422,155.22000122070312,154.17999267578125,154.42999267578125,16344500
2020-02-24,156.08999633789062,158.52999877929688,155.36000061035156,158.5,27171000
2020-02-25,153.3000030517578,156.0800018310547,152.91000366210938,155.1199951171875,28091500
2020-02-26,153.97000122070312,155.27999877929688,152.89999389648438,153.82000732421875,17912500
2020-02-27,154.0,156.27000427246094,153.89999389648438,155.5800018310547,27878500
2020-02-28,148.3800048828125,152.77000427246094,147.0500030517578,152.7100067138672,42699600
2020-03-02,149.1999969482422,150.72999572753906,149.0399932861328,150.0,16295400
2020-03-03,153.88999938964844,155.24000549316406,150.74000549316406,150.83999633789062,28687700
2020-03-04,154.16000366210938,154.9600067138672,153.6999969482422,154.39999389648438,12315500
2020-03-05,157.49000549316406,157.6199951171875,155.72000122070312,156.05999755859375,17973500
2020-03-06,157.5500030517578,159.25,154.5399932861328,158.3300018310547,26973400
2020-03-09,157.80999755859375,159.3699951171875,156.3300018310547,158.60000610351562,24868700
2020-03-10,154.47999572753906,156.41000366210938,154.38999938964844,156.17999267578125,18811500
2020-03-11,153.92999267578125,156.5,153.61000061035156,156.25,18159900
2020-03-12,147.7899932861328,151.5500030517578,146.85000610351562,151.52999877929688,32893400
2020-03-13,143.27999877929688,149.60000610351562,141.5800018310547,149.4199981689453,35177200
2020-03-16,141.63999938964844,142.9600067138672,136.1199951171875,137.55999755859375,24496000
2020-03-17,143.55999755859375,146.1999969482422,139.92999267578125,140.17999267578125,24490300
2020-03-18,140.6999969482422,142.8800048828125,138.5,141.75,21953400
2020-03-19,138.0399932861328,140.5,137.85000610351562,139.0800018310547,20828900
2020-03-20,140.11000061035156,141.1699981689453,139.13999938964844,140.7100067138672,20056000
2020-03-23,146.3000030517578,146.92999267578125,142.27999877929688,142.67999267578125,28275200
2020-03-24,153.39999389648438,155.66000366210938,152.0500030517578,153.5,20743500
2020-03-25,151.3000030517578,152.8800048828125,151.00999450683594,152.5800018310547,16457200
2020-03-26,153.24000549316406,154.80999755859375,152.0800018310547,153.30999755859375,12778200
2020-03-27,152.25,153.5500030517578,152.0,153.0,9824600
2020-03-30,152.9199981689453,153.0800018310547,151.57000732421875,152.41000366210938,12080900
2020-03-31,148.0500030517578,151.8000030517578,147.97000122070312,151.36000061035156,13319500
2020-04-01,149.4499969482422,150.0800018310547,147.85000610351562,148.1999969482422,11827400
2020-04-02,151.89999389648438,152.5,150.6999969482422,151.1999969482422,9188300
2020-04-03,152.64999389648438,153.08999633789062,151.66000366210938,152.22999572753906,8469100
2020-04-06,156.8800048828125,157.22000122070312,153.9600067138672,154.16000366210938,14739300
2020-04-07,156.0399932861328,156.13999938964844,154.3800048828125,155.3300018310547,9195400
2020-04-08,154.64999389648438,155.94000244140625,154.58999633789062,155.91000366210938,7600800
2020-04-09,158.69000244140625,159.0800018310547,157.2100067138672,158.0800018310547,18123000
2020-04-13,161.41000366210938,162.3800048828125,158.6300048828125,159.1699981689453,20549200
2020-04-14,162.67999267578125,164.4199981689453,161.77999877929688,162.72999572753906,17095100
2020-04-15,161.85000610351562,162.5399932861328,160.80999755859375,161.8000030517578,12141900
2020-04-16,161.7100067138672,163.14999389648438,160.64999389648438,161.8800048828125,9233200
2020-04-17,158.57000732421875,160.07000732421875,158.1199951171875,159.72000122070312,14652700
2020-04-20,159.6999969482422,160.22000122070312,158.4600067138672,158.6199951171875,10688700
2020-04-21,158.61000061035156,159.2100067138672,157.0399932861328,157.60000610351562,12478100
2020-04-22,161.72999572753906,161.74000549316406,160.4199981689453,160.5,12902100
2020-04-23,163.33999633789062,163.60000610351562,161.83999633789062,162.38999938964844,14928500
2020-04-24,162.63999938964844,163.30999755859375,160.88999938964844,163.1300048828125,11199300
2020-04-27,161.55999755859375,162.0,160.41000366210938,161.8800048828125,9033500
2020-04-28,160.83999633789062,160.97999572753906,159.16000366210938,160.88999938964844,10383000
2020-04-29,161.72999572753906,161.85000610351562,159.75999450683594,160.10000610351562,12232300
2020-04-30,158.8000030517578,160.82000732421875,158.1300048828125,160.22000122070312,13633500
2020-05-01,159.77999877929688,160.4499969482422,157.8000030517578,158.0,10914300
2020-05-04,160.33999633789062,160.9499969482422,159.91000366210938,160.3300018310547,7986200
2020-05-05,161.02000427246094,161.10000610351562,159.3300018310547,160.16000366210938,10563100
2020-05-06,158.9499969482422,159.80999755859375,158.10000610351562,158.99000549316406,13352000
2020-05-07,161.38999938964844,161.9600067138672,159.36000061035156,159.5,13691700
2020-05-08,160.4199981689453,162.0,160.0,161.0800018310547,12240900
2020-05-11,159.4199981689453,160.7100067138672,158.88999938964844,160.33999633789062,11209800
2020-05-12,160.0399932861328,160.9499969482422,159.72000122070312,160.3000030517578,10406000
2020-05-13,161.5800018310547,161.6199951171875,160.5399932861328,160.94000244140625,10950400
2020-05-14,163.00999450683594,163.33999633789062,161.50999450683594,161.52999877929688,17084400
2020-05-15,163.92999267578125,164.8000030517578,163.0800018310547,164.02000427246094,13918800
2020-05-18,162.69000244140625,164.5,162.41000366210938,164.3300018310547,14133800
2020-05-19,164.25999450683594,164.42999267578125,163.0399932861328,163.60000610351562,8535800
2020-05-20,164.64999389648438,164.9600067138672,163.88999938964844,164.5399932861328,10666100
2020-05-21,162.25,163.5800018310547,161.3699951171875,163.4600067138672,11791000
2020-05-22,163.2100067138672,163.47000122070312,162.74000549316406,162.8800048828125,8540900
2020-05-26,160.88999938964844,162.5800018310547,160.69000244140625,162.5800018310547,13972000
2020-05-27,161.17999267578125,161.33999633789062,159.1999969482422,159.4199981689453,13063500
2020-05-28,161.72000122070312,162.4600067138672,160.89999389648438,162.1199951171875,9758500
2020-05-29,162.91000366210938,163.39999389648438,162.32000732421875,162.5800018310547,12581800
2020-06-01,163.66000366210938,163.74000549316406,162.38999938964844,162.9199981689453,8140200
2020-06-02,162.60000610351562,164.0800018310547,161.86000061035156,163.88999938964844,10388900
2020-06-03,159.60000610351562,160.89999389648438,158.82000732421875,160.33999633789062,17000500
2020-06-04,161.27999877929688,161.8699951171875,159.83999633789062,161.13999938964844,10094000
2020-06-05,158.00999450683594,158.72000122070312,157.0399932861328,158.72000122070312,16021200
2020-06-08,159.72000122070312,159.86000061035156,158.47000122070312,158.89999389648438,9244400
2020-06-09,161.25999450683594,161.77999877929688,160.8699951171875,161.10000610351562,9045600
2020-06-10,163.57000732421875,163.6300048828125,160.52000427246094,162.10000610351562,13009300
2020-06-11,162.38999938964844,164.05999755859375,161.97000122070312,163.35000610351562,11673900
2020-06-12,162.6199951171875,163.8800048828125,162.55999755859375,163.41000366210938,6895400
2020-06-15,162.3300018310547,162.55999755859375,160.16000366210938,160.52000427246094,8532500
2020-06-16,162.25,162.69000244140625,161.36000061035156,161.85000610351562,7964000
2020-06-17,162.55999755859375,162.6199951171875,161.77000427246094,162.0,4758200
2020-06-18,162.24000549316406,162.32000732421875,161.44000244140625,162.1999969482422,5397600
2020-06-19,164.02999877929688,164.08999633789062,162.77999877929688,162.8699951171875,12187400
2020-06-22,165.08999633789062,165.72999572753906,164.41000366210938,165.05999755859375,12385600
2020-06-23,166.47999572753906,166.52000427246094,165.52000427246094,165.6300048828125,12137300
2020-06-24,165.89999389648438,166.99000549316406,165.4499969482422,166.00999450683594,10901400
2020-06-25,165.8000030517578,165.91000366210938,165.16000366210938,165.88999938964844,7093800
2020-06-26,166.5399932861328,166.55999755859375,164.22000122070312,164.8699951171875,9753500
2020-06-29,166.6300048828125,166.8000030517578,166.17999267578125,166.55999755859375,6735700
2020-06-30,167.3699951171875,167.99000549316406,166.19000244140625,166.30999755859375,12762300
2020-07-01,166.6199951171875,167.05999755859375,165.33999633789062,167.0500030517578,13214800
2020-07-02,166.97999572753906,167.24000549316406,166.02000427246094,166.1999969482422,8753500
2020-07-06,167.97999572753906,168.0,167.19000244140625,167.75,7265700
2020-07-07,169.0399932861328,169.0399932861328,167.3800048828125,167.41000366210938,11633100
2020-07-08,170.08999633789062,170.86000061035156,169.77999877929688,170.32000732421875,11662700
2020-07-09,169.6300048828125,170.63999938964844,168.77999877929688,170.47999572753906,13327400
2020-07-10,169.19000244140625,170.14999389648438,168.57000732421875,169.9499969482422,8218000
2020-07-13,169.39999389648438,170.4199981689453,169.16000366210938,170.2899932861328,11095900
2020-07-14,170.19000244140625,170.1999969482422,168.80999755859375,168.97000122070312,9812700
2020-07-15,170.33999633789062,170.42999267578125,169.38999938964844,169.6199951171875,7533800
2020-07-16,168.72999572753906,170.0,168.64999389648438,169.8000030517578,10242400
2020-07-17,170.1199951171875,170.27000427246094,169.61000061035156,169.94000244140625,10296000
2020-07-20,170.94000244140625,171.07000732421875,170.27000427246094,170.75999450683594,10095500
2020-07-21,173.0,173.25,172.30999755859375,172.52999877929688,12826100
2020-07-22,175.6300048828125,175.77000427246094,173.75999450683594,174.0500030517578,18712500
2020-07-23,177.17999267578125,178.41000366210938,175.64999389648438,176.1699981689453,23006800
2020-07-24,178.6999969482422,179.16000366210938,178.1999969482422,179.13999938964844,15601300
2020-07-27,182.22999572753906,182.8300018310547,181.52999877929688,181.85000610351562,21115600
2020-07-28,183.75,184.25999450683594,181.4199981689453,182.02000427246094,21164600
2020-07-29,185.1300048828125,186.13999938964844,182.38999938964844,184.00999450683594,25640100
2020-07-30,183.75999450683594,184.3300018310547,182.1300048828125,183.44000244140625,18061200
2020-07-31,185.42999267578125,185.75,184.1699981689453,184.50999450683594,15876700
2020-08-03,185.63999938964844,185.82000732421875,184.1999969482422,185.0500030517578,12897000
2020-08-04,189.58999633789062,189.60000610351562,185.2100067138672,185.61000061035156,20773200
2020-08-05,191.35000610351562,193.1300048828125,190.6199951171875,191.64999389648438,27078100
2020-08-06,193.88999938964844,194.4499969482422,192.52000427246094,193.74000549316406,20640100
2020-08-07,190.80999755859375,192.9600067138672,189.3300018310547,192.7100067138672,24570200
2020-08-10,190.14999389648438,192.61000061035156,189.66000366210938,191.1999969482422,19047200
2020-08-11,179.94000244140625,183.97999572753906,179.42999267578125,183.57000732421875,45355000
2020-08-12,179.10000610351562,183.10000610351562,179.0399932861328,182.61000061035156,28660500
2020-08-13,183.3300018310547,184.6999969482422,181.36000061035156,181.55999755859375,18596800
2020-08-14,182.5399932861328,183.72000122070312,181.49000549316406,183.44000244140625,11792000
2020-08-17,186.5,187.00999450683594,184.66000366210938,184.69000244140625,15709800
2020-08-18,188.17999267578125,189.39999389648438,185.6300048828125,189.17999267578125,16291600
2020-08-19,182.24000549316406,187.4600067138672,181.7100067138672,187.2100067138672,24646900
2020-08-20,183.5,183.7100067138672,180.92999267578125,181.19000244140625,16692200
2020-08-21,182.02999877929688,182.80999755859375,180.47000122070312,182.13999938964844,12713700
2020-08-24,181.0,182.92999267578125,180.69000244140625,182.91000366210938,11605800
2020-08-25,181.22000122070312,181.25,179.72999572753906,181.05999755859375,10056100
2020-08-26,183.36000061035156,183.5800018310547,180.1999969482422,180.25999450683594,12715800
2020-08-27,181.24000549316406,185.1699981689453,179.3699951171875,185.0,16299200
2020-08-28,184.38999938964844,185.39999389648438,183.39999389648438,183.97999572753906,13200800
2020-08-31,184.8300018310547,185.52999877929688,184.27999877929688,184.7899932861328,10251200
2020-09-01,185.0500030517578,186.99000549316406,184.3300018310547,186.99000549316406,10662100
2020-09-02,182.6199951171875,183.86000061035156,181.5,183.75,11536900
2020-09-03,181.13999938964844,182.82000732421875,180.49000549316406,182.3000030517578,12148100
2020-09-04,181.63999938964844,182.10000610351562,180.0500030517578,180.9499969482422,11567900
2020-09-08,181.2899932861328,182.27000427246094,179.02000427246094,179.5,13229200
2020-09-09,183.0500030517578,183.22000122070312,182.19000244140625,182.5,8424100
2020-09-10,182.4600067138672,184.67999267578125,182.27999877929688,184.22999572753906,9143600
2020-09-11,182.4499969482422,183.5500030517578,182.00999450683594,183.13999938964844,7662300
2020-09-14,183.88999938964844,184.3000030517578,183.38999938964844,183.57000732421875,9709500
2020-09-15,183.4499969482422,184.6699981689453,182.9199981689453,184.4600067138672,7993700
2020-09-16,183.97000122070312,185.00999450683594,183.3300018310547,184.97999572753906,12702400
2020-09-17,182.9600067138672,183.08999633789062,181.47999572753906,181.9199981689453,8836200
2020-09-18,183.1999969482422,184.08999633789062,182.63999938964844,183.07000732421875,9959700
2020-09-21,179.52000427246094,180.2899932861328,176.75,179.83999633789062,17436100
2020-09-22,178.64999389648438,180.02000427246094,178.11000061035156,179.6300048828125,7977900
2020-09-23,174.7899932861328,177.25999450683594,174.10000610351562,176.97999572753906,18134000
2020-09-24,175.44000244140625,176.24000549316406,173.77000427246094,174.36000061035156,11759200
2020-09-25,174.94000244140625,175.3000030517578,173.88999938964844,174.41000366210938,6779200
2020-09-28,176.6999969482422,176.80999755859375,175.08999633789062,175.8300018310547,7109700
2020-09-29,178.19000244140625,178.3300018310547,176.9499969482422,177.19000244140625,8718500
2020-09-30,177.1199951171875,178.61000061035156,176.66000366210938,177.7100067138672,8371800
2020-10-01,178.6999969482422,179.5,178.0399932861328,178.7100067138672,10402800
2020-10-02,178.5399932861328,179.2899932861328,178.16000366210938,178.69000244140625,7488500
2020-10-05,179.41000366210938,180.13999938964844,178.89999389648438,179.02000427246094,6969600
2020-10-06,177.3000030517578,180.3699951171875,177.0500030517578,180.16000366210938,8632800
2020-10-07,177.22000122070312,177.4199981689453,176.42999267578125,177.08999633789062,6410900
2020-10-08,177.85000610351562,178.4499969482422,176.6699981689453,178.17999267578125,6530800
2020-10-09,181.0800018310547,181.1699981689453,179.92999267578125,180.1300048828125,15979800
2020-10-12,180.55999755859375,180.8300018310547,180.19000244140625,180.57000732421875,4843000
2020-10-13,177.72000122070312,178.60000610351562,177.10000610351562,178.55999755859375,8384300
2020-10-14,178.27000427246094,179.58999633789062,178.27000427246094,179.08999633789062,9076600
2020-10-15,178.9199981689453,179.14999389648438,177.58999633789062,177.7100067138672,6815400
2020-10-16,178.3000030517578,179.32000732421875,178.1300048828125,179.22000122070312,7260700
2020-10-19,178.38999938964844,179.47999572753906,178.3699951171875,179.41000366210938,6084400
2020-10-20,179.25,179.6699981689453,178.0800018310547,178.5399932861328,7121400
2020-10-21,180.60000610351562,181.30999755859375,180.22999572753906,180.47000122070312,7548100
2020-10-22,178.8300018310547,179.02999877929688,177.72000122070312,178.8800048828125,8377000
2020-10-23,178.63999938964844,179.1999969482422,177.75999450683594,179.08999633789062,5919300
2020-10-26,178.5500030517578,179.13999938964844,178.22000122070312,178.75,5105100
2020-10-27,179.02000427246094,179.42999267578125,178.50999450683594,178.7100067138672,5826900
2020-10-28,176.1300048828125,176.85000610351562,175.44000244140625,176.4499969482422,11734100
2020-10-29,175.39999389648438,176.13999938964844,174.8300018310547,175.02000427246094,8474500
2020-10-30,176.1999969482422,177.36000061035156,175.9499969482422,177.17999267578125,7303000
2020-11-02,177.91000366210938,177.92999267578125,177.1300048828125,177.4499969482422,6498400
2020-11-03,178.9199981689453,179.38999938964844,178.3000030517578,178.9499969482422,7577200
2020-11-04,178.82000732421875,179.19000244140625,177.66000366210938,178.92999267578125,11117300
2020-11-05,182.92999267578125,183.2899932861328,180.97000122070312,181.0,16102800
2020-11-06,183.19000244140625,183.52999877929688,182.19000244140625,183.39999389648438,10378300
2020-11-09,175.0800018310547,176.4499969482422,173.63999938964844,176.4199981689453,29800700
2020-11-10,175.66000366210938,176.91000366210938,175.66000366210938,176.75,11728500
2020-11-11,174.89999389648438,175.27999877929688,174.44000244140625,174.6999969482422,9008500
2020-11-12,175.9600067138672,176.77000427246094,175.83999633789062,176.0399932861328,7167900
2020-11-13,177.16000366210938,177.8000030517578,176.83999633789062,177.64999389648438,6469800
2020-11-16,177.14999389648438,177.91000366210938,176.8699951171875,177.22999572753906,8358500
2020-11-17,176.5,177.44000244140625,176.08999633789062,177.25,8229100
2020-11-18,175.49000549316406,176.86000061035156,175.35000610351562,176.25999450683594,7384700
2020-11-19,175.16000366210938,175.22000122070312,174.1699981689453,174.3000030517578,6965100
2020-11-20,175.69000244140625,176.3800048828125,175.5800018310547,176.1199951171875,6379400
2020-11-23,172.22999572753906,175.24000549316406,171.77999877929688,175.10000610351562,15510600
2020-11-24,169.58999633789062,169.69000244140625,168.86000061035156,169.3000030517578,19504000
2020-11-25,169.50999450683594,170.52000427246094,169.24000549316406,169.97999572753906,10286600
2020-11-27,167.7899932861328,167.8300018310547,166.77999877929688,166.89999389648438,10569100
2020-11-30,166.6699981689453,167.42999267578125,166.02999877929688,166.67999267578125,13210000
2020-12-01,170.17999267578125,170.47999572753906,169.3000030517578,169.75999450683594,13533300
2020-12-02,171.4600067138672,171.75999450683594,170.14999389648438,170.57000732421875,9199700
2020-12-03,172.80999755859375,172.85000610351562,171.0800018310547,172.63999938964844,10457300
2020-12-04,172.32000732421875,173.32000732421875,171.58999633789062,172.77999877929688,10098600
2020-12-07,174.88999938964844,175.2899932861328,172.50999450683594,172.55999755859375,10555100
2020-12-08,175.5,175.92999267578125,174.72000122070312,175.50999450683594,6348400
2020-12-09,172.5,174.0399932861328,171.24000549316406,173.9199981689453,10743200
2020-12-10,172.1699981689453,173.5800018310547,171.6999969482422,172.89999389648438,6564000
2020-12-11,172.49000549316406,173.32000732421875,172.11000061035156,172.25,6084800
2020-12-14,171.5399932861328,172.52000427246094,170.91000366210938,171.91000366210938,7644400
2020-12-15,173.94000244140625,173.97999572753906,173.05999755859375,173.42999267578125,6840500
2020-12-16,174.89999389648438,175.02000427246094,173.02000427246094,174.1300048828125,8174700
2020-12-17,176.74000549316406,177.8699951171875,176.5800018310547,177.14999389648438,9475800
2020-12-18,176.44000244140625,176.97999572753906,176.10000610351562,176.64999389648438,6789900
2020-12-21,175.8800048828125,176.94000244140625,175.75999450683594,176.2899932861328,8168900
2020-12-22,174.49000549316406,176.33999633789062,174.33999633789062,176.1999969482422,9442400
2020-12-23,175.64999389648438,176.2100067138672,175.05999755859375,175.10000610351562,6542800
2020-12-24,176.35000610351562,176.3699951171875,175.50999450683594,175.5500030517578,3695400
2020-12-28,175.7100067138672,177.91000366210938,175.6300048828125,177.25999450683594,7778700
2020-12-29,176.35000610351562,176.97000122070312,175.57000732421875,176.25,5983700
2020-12-30,177.6999969482422,177.72000122070312,176.44000244140625,176.44000244140625,5914000
2020-12-31,178.36000061035156,178.39999389648438,177.32000732421875,178.07000732421875,7540800
2021-01-04,182.3300018310547,182.39999389648438,180.9600067138672,181.97000122070312,14331400
2021-01-05,182.8699951171875,183.2100067138672,181.82000732421875,182.8699951171875,12718800
2021-01-06,179.89999389648438,181.5800018310547,178.24000549316406,181.49000549316406,18453500
2021-01-07,179.47999572753906,179.9199981689453,178.83999633789062,179.69000244140625,7110200
2021-01-08,173.33999633789062,176.99000549316406,171.47999572753906,176.8300018310547,24399900
2021-01-11,173.0,173.67999267578125,172.02999877929688,172.13999938964844,8571400
2021-01-12,174.1199951171875,174.17999267578125,172.32000732421875,173.1300048828125,9798500
2021-01-13,173.3699951171875,174.4600067138672,173.0500030517578,173.67999267578125,14110300
2021-01-14,173.27999877929688,174.22000122070312,172.66000366210938,173.44000244140625,13522700
2021-01-15,171.1300048828125,173.07000732421875,170.97999572753906,172.83999633789062,16172500
2021-01-19,172.5800018310547,172.85000610351562,171.9199981689453,172.7100067138672,7485700
2021-01-20,175.38999938964844,175.47000122070312,173.82000732421875,174.3699951171875,9456000
2021-01-21,175.27999877929688,175.50999450683594,174.50999450683594,175.11000061035156,7246800
2021-01-22,173.89999389648438,174.2899932861328,172.35000610351562,172.88999938964844,7269600
2021-01-25,174.0500030517578,174.9600067138672,173.19000244140625,174.82000732421875,5936800
2021-01-26,173.6199951171875,174.25999450683594,173.4199981689453,173.97999572753906,4685600
2021-01-27,172.52000427246094,173.52000427246094,171.66000366210938,172.92999267578125,9036500
2021-01-28,172.67999267578125,174.72999572753906,172.0399932861328,174.27999877929688,9392400
2021-01-29,172.61000061035156,175.16000366210938,172.61000061035156,174.8699951171875,11252800
2021-02-01,174.22999572753906,175.25999450683594,174.05999755859375,175.02000427246094,9105500
2021-02-02,172.11000061035156,172.52999877929688,171.50999450683594,172.49000549316406,7221700
2021-02-03,171.85000610351562,172.58999633789062,171.5,172.36000061035156,4658100
2021-02-04,168.14999389648438,168.39999389648438,167.33999633789062,168.2899932861328,13736600
2021-02-05,169.80999755859375,170.17999267578125,168.6699981689453,168.99000549316406,6538500
2021-02-08,171.52000427246094,172.39999389648438,171.49000549316406,171.97999572753906,6887500
2021-02-09,172.0800018310547,173.02999877929688,171.75,172.57000732421875,5131800
2021-02-10,172.7100067138672,173.22000122070312,172.00999450683594,173.14999389648438,6112800
2021-02-11,171.2100067138672,172.8699951171875,170.7100067138672,172.6999969482422,5994500
2021-02-12,170.69000244140625,171.64999389648438,169.8800048828125,170.2899932861328,6018900
2021-02-16,168.24000549316406,170.07000732421875,167.72999572753906,168.13999938964844,14761100
2021-02-17,166.3300018310547,167.33999633789062,165.85000610351562,166.9199981689453,11400700
2021-02-18,166.32000732421875,167.3000030517578,165.72999572753906,166.97999572753906,7498200
2021-02-19,167.00999450683594,167.94000244140625,166.60000610351562,166.75999450683594,8273500
2021-02-22,169.50999450683594,169.88999938964844,168.3000030517578,168.5399932861328,10072000
2021-02-23,169.1199951171875,169.74000549316406,168.27999877929688,169.47999572753906,8616800
2021-02-24,169.0,169.13999938964844,167.14999389648438,167.64999389648438,8890600
2021-02-25,165.82000732421875,167.66000366210938,165.4499969482422,166.9199981689453,16359400
2021-02-26,161.80999755859375,165.10000610351562,160.9499969482422,165.0,23730400
2021-03-01,161.52999877929688,163.35000610351562,161.16000366210938,163.02999877929688,13828300
2021-03-02,162.41000366210938,162.92999267578125,161.22000122070312,161.92999267578125,11424600
2021-03-03,160.6199951171875,161.69000244140625,159.49000549316406,160.61000061035156,13059900
2021-03-04,159.0399932861328,161.4600067138672,158.42999267578125,160.60000610351562,13870100
2021-03-05,159.13999938964844,159.82000732421875,158.5500030517578,159.66000366210938,12821600
2021-03-08,157.49000549316406,158.74000549316406,157.1300048828125,158.5800018310547,12134900
2021-03-09,160.83999633789062,161.25,160.4199981689453,160.75,10382600
2021-03-10,161.66000366210938,161.77999877929688,160.66000366210938,161.05999755859375,7962000
2021-03-11,161.52000427246094,161.97999572753906,161.1199951171875,161.47000122070312,6749200
2021-03-12,161.49000549316406,161.69000244140625,159.35000610351562,159.5399932861328,8608500
2021-03-15,162.1999969482422,162.5500030517578,161.42999267578125,162.30999755859375,8104500
2021-03-16,162.35000610351562,163.1999969482422,161.80999755859375,162.36000061035156,7547400
2021-03-17,163.50999450683594,164.14999389648438,161.47999572753906,162.27000427246094,12626700
2021-03-18,162.55999755859375,162.82000732421875,161.11000061035156,161.14999389648438,8711100
2021-03-19,163.24000549316406,163.42999267578125,162.42999267578125,162.55999755859375,6868900
2021-03-22,163.0,163.1300048828125,162.16000366210938,162.27000427246094,5240000
2021-03-23,161.80999755859375,162.49000549316406,161.58999633789062,162.4499969482422,6048300
2021-03-24,162.3699951171875,162.88999938964844,161.94000244140625,162.2100067138672,6183700
2021-03-25,161.77999877929688,163.5800018310547,161.32000732421875,163.05999755859375,8398600
2021-03-26,162.24000549316406,162.72999572753906,161.64999389648438,161.7100067138672,6153900
2021-03-29,160.30999755859375,161.52000427246094,159.8300018310547,161.4600067138672,8409300
2021-03-30,157.57000732421875,158.1999969482422,157.5500030517578,157.94000244140625,8353200
2021-03-31,159.9600067138672,160.67999267578125,158.0500030517578,158.05999755859375,10623800
2021-04-01,161.97999572753906,162.11000061035156,161.27999877929688,161.55999755859375,7105200
2021-04-05,161.9199981689453,162.39999389648438,161.36000061035156,161.52000427246094,6163800
2021-04-06,163.22000122070312,163.52999877929688,162.75,162.7899932861328,6761200
2021-04-07,162.75999450683594,163.30999755859375,162.5,162.82000732421875,5436000
2021-04-08,164.50999450683594,164.77000427246094,164.13999938964844,164.1699981689453,6574500
2021-04-09,163.27000427246094,163.66000366210938,162.47999572753906,162.75,6657900
2021-04-12,162.27999877929688,162.8000030517578,161.80999755859375,162.72999572753906,4896700
2021-04-13,163.42999267578125,163.85000610351562,163.02999877929688,163.17999267578125,6995900
2021-04-14,162.72000122070312,163.0500030517578,162.3000030517578,162.77000427246094,6312300
2021-04-15,165.35000610351562,165.7899932861328,164.02999877929688,164.07000732421875,8250600
2021-04-16,166.35000610351562,166.80999755859375,165.94000244140625,166.24000549316406,10057600
2021-04-19,165.88999938964844,166.44000244140625,165.72000122070312,165.91000366210938,5721700
2021-04-20,166.47999572753906,166.80999755859375,165.6199951171875,165.64999389648438,6532000
2021-04-21,168.1300048828125,168.38999938964844,167.14999389648438,167.17999267578125,8380200
2021-04-22,167.0399932861328,167.52999877929688,166.49000549316406,167.11000061035156,7680100
2021-04-23,166.39999389648438,167.52999877929688,165.77999877929688,167.3699951171875,7106400
2021-04-26,166.83999633789062,166.8699951171875,166.0500030517578,166.6300048828125,4786600
2021-04-27,166.4199981689453,167.14999389648438,166.27999877929688,166.9199981689453,5363500
2021-04-28,166.91000366210938,166.9600067138672,165.49000549316406,165.75,6932200
2021-04-29,166.22000122070312,166.25999450683594,164.47000122070312,165.5800018310547,9067600
2021-04-30,165.66000366210938,166.0,165.24000549316406,165.86000061035156,6248700
2021-05-03,167.80999755859375,168.42999267578125,167.41000366210938,167.61000061035156,9014700
2021-05-04,166.5800018310547,168.5500030517578,165.5,167.69000244140625,10267400
2021-05-05,167.27000427246094,167.30999755859375,166.61000061035156,166.6300048828125,5950000
2021-05-06,170.05999755859375,170.2899932861328,167.9199981689453,167.9499969482422,13574100
2021-05-07,171.58999633789062,172.5500030517578,171.0,171.52999877929688,14748600
2021-05-10,172.11000061035156,172.83999633789062,171.77999877929688,172.74000549316406,8276600
2021-05-11,172.13999938964844,172.1699981689453,170.27000427246094,170.55999755859375,8348200
2021-05-12,170.42999267578125,171.83999633789062,170.35000610351562,171.42999267578125,12666300
2021-05-13,171.1300048828125,171.27000427246094,170.22999572753906,170.35000610351562,8078300
2021-05-14,172.69000244140625,172.6999969482422,171.82000732421875,172.0500030517578,9686800
2021-05-17,174.6999969482422,175.0,173.27999877929688,173.3000030517578,11956800
2021-05-18,175.0399932861328,175.2100067138672,174.4600067138672,175.17999267578125,7294000
2021-05-19,175.16000366210938,177.0,174.35000610351562,175.13999938964844,20741100
2021-05-20,175.9600067138672,176.4600067138672,175.11000061035156,175.32000732421875,9802800
2021-05-21,176.0399932861328,176.86000061035156,175.14999389648438,176.5800018310547,7677200
2021-05-24,176.35000610351562,176.58999633789062,175.8699951171875,176.14999389648438,5557300
2021-05-25,177.9499969482422,177.9499969482422,176.0399932861328,176.14999389648438,8986900
2021-05-26,177.63999938964844,178.61000061035156,177.0399932861328,178.3699951171875,8495400
2021-05-27,177.7100067138672,177.82000732421875,176.80999755859375,177.38999938964844,7993000
2021-05-28,178.3800048828125,178.42999267578125,177.24000549316406,177.4600067138672,9967000
2021-06-01,177.89999389648438,178.85000610351562,177.19000244140625,178.75999450683594,9143300
2021-06-02,178.77000427246094,178.77999877929688,177.97000122070312,178.33999633789062,6613100
2021-06-03,175.27000427246094,175.8300018310547,174.66000366210938,175.8300018310547,10153900
2021-06-04,177.16000366210938,177.57000732421875,176.61000061035156,176.64999389648438,8375300
2021-06-07,177.8699951171875,177.89999389648438,176.6300048828125,176.9600067138672,7709100
2021-06-08,177.32000732421875,177.5399932861328,176.3699951171875,177.22999572753906,5905800
2021-06-09,176.97999572753906,177.8000030517578,176.77999877929688,177.3800048828125,6346100
2021-06-10,177.74000549316406,177.85000610351562,176.47999572753906,176.6999969482422,9896600
2021-06-11,175.74000549316406,176.57000732421875,175.47999572753906,176.3300018310547,7836900
2021-06-14,174.7100067138672,175.05999755859375,172.9499969482422,173.16000366210938,7733600
2021-06-15,174.0500030517578,174.9199981689453,173.33999633789062,174.77999877929688,7550200
2021-06-16,171.11000061035156,174.47000122070312,171.02999877929688,173.91000366210938,16919700
2021-06-17,165.85000610351562,167.6199951171875,165.44000244140625,167.02000427246094,27232200
2021-06-18,164.92999267578125,166.72000122070312,164.8699951171875,166.13999938964844,15744300
2021-06-21,166.9499969482422,167.22000122070312,166.0,166.52000427246094,8371000
2021-06-22,166.25,166.9199981689453,166.00999450683594,166.35000610351562,7223900
2021-06-23,166.13999938964844,168.02999877929688,165.97000122070312,166.97000122070312,8474300
2021-06-24,166.0399932861328,167.22999572753906,166.00999450683594,167.0,6903400
2021-06-25,166.58999633789062,167.52999877929688,166.2899932861328,167.4499969482422,7473700
2021-06-28,166.5800018310547,166.91000366210938,166.36000061035156,166.67999267578125,6508900
2021-06-29,164.8300018310547,165.27999877929688,164.00999450683594,164.33999633789062,7451400
2021-06-30,165.6300048828125,166.10000610351562,164.2899932861328,164.57000732421875,7955800
2021-07-01,166.1999969482422,166.8800048828125,165.5,166.64999389648438,7430500
2021-07-02,167.2899932861328,167.72000122070312,166.39999389648438,167.35000610351562,7873600
2021-07-06,168.1199951171875,169.64999389648438,167.5399932861328,169.27000427246094,7932100
2021-07-07,168.75999450683594,169.22999572753906,168.19000244140625,168.72000122070312,7108900
2021-07-08,168.64999389648438,169.86000061035156,167.91000366210938,169.82000732421875,7244300
2021-07-09,169.2100067138672,169.6199951171875,168.66000366210938,168.83999633789062,4997400
2021-07-12,169.0,169.16000366210938,167.63999938964844,168.6999969482422,7315400
2021-07-13,169.22000122070312,169.89999389648438,168.92999267578125,169.50999450683594,7040300
2021-07-14,171.0399932861328,171.0399932861328,170.27999877929688,170.91000366210938,8830300
2021-07-15,171.07000732421875,171.3000030517578,170.33999633789062,170.88999938964844,6520100
2021-07-16,169.41000366210938,170.9499969482422,169.27999877929688,170.64999389648438,9460300
2021-07-19,169.61000061035156,169.91000366210938,168.88999938964844,169.50999450683594,6707400
2021-07-20,169.38999938964844,170.8000030517578,168.9199981689453,170.50999450683594,6540100
2021-07-21,168.75999450683594,169.0,168.13999938964844,168.3300018310547,4622600
2021-07-22,169.08999633789062,169.19000244140625,168.05999755859375,168.49000549316406,4793600
2021-07-23,168.55999755859375,168.8800048828125,167.9499969482422,168.5,5831500
2021-07-26,168.16000366210938,168.86000061035156,168.0800018310547,168.5800018310547,5229800
2021-07-27,168.44000244140625,168.91000366210938,167.92999267578125,168.72999572753906,6300200
2021-07-28,169.2899932861328,169.3800048828125,167.72000122070312,168.25999450683594,7905800
2021-07-29,171.1699981689453,171.52000427246094,170.6699981689453,170.6999969482422,8119600
2021-07-30,169.82000732421875,170.99000549316406,169.3800048828125,170.72000122070312,7391700
2021-08-02,169.61000061035156,170.25,169.10000610351562,169.3000030517578,10783200
2021-08-03,169.49000549316406,169.8300018310547,169.2100067138672,169.4199981689453,5402300
2021-08-04,169.52999877929688,171.39999389648438,168.99000549316406,171.27999877929688,9796300
2021-08-05,168.86000061035156,169.44000244140625,168.1999969482422,169.3699951171875,8015000
2021-08-06,164.63999938964844,165.92999267578125,164.5500030517578,165.83999633789062,13547600
2021-08-09,161.72000122070312,163.2899932861328,161.25999450683594,163.00999450683594,11547000
2021-08-10,161.77000427246094,162.11000061035156,160.67999267578125,161.38999938964844,6870800
2021-08-11,164.0,164.1699981689453,162.67999267578125,163.14999389648438,7382400
2021-08-12,164.0399932861328,164.10000610351562,162.92999267578125,163.64999389648438,5211700
2021-08-13,166.38999938964844,166.4600067138672,164.88999938964844,165.02000427246094,7466900
2021-08-16,167.22000122070312,167.38999938964844,166.58999633789062,166.72999572753906,7776500
2021-08-17,166.97000122070312,167.72999572753906,166.55999755859375,167.2899932861328,7107000
2021-08-18,167.10000610351562,167.50999450683594,166.25999450683594,167.24000549316406,7697900
2021-08-19,166.61000061035156,167.2899932861328,166.16000366210938,167.24000549316406,6934300
2021-08-20,166.6999969482422,167.13999938964844,166.36000061035156,166.8000030517578,7154000
2021-08-23,168.72999572753906,168.91000366210938,167.9600067138672,168.82000732421875,8190500
2021-08-24,168.64999389648438,169.27000427246094,168.52000427246094,169.0399932861328,4519200
2021-08-25,167.47999572753906,167.9199981689453,166.74000549316406,167.8800048828125,5588800
2021-08-26,167.6699981689453,168.2100067138672,166.8300018310547,167.2100067138672,4371900
2021-08-27,170.19000244140625,170.19000244140625,166.8699951171875,167.5800018310547,10036400
2021-08-30,169.35000610351562,169.83999633789062,169.08999633789062,169.66000366210938,3768600
2021-08-31,169.69000244140625,169.9199981689453,168.75,169.22999572753906,6336000
2021-09-01,169.6999969482422,170.0,169.16000366210938,169.94000244140625,4764900
2021-09-02,169.25,169.6300048828125,168.82000732421875,169.5,4599800
2021-09-03,171.05999755859375,171.5500030517578,170.14999389648438,170.58999633789062,8353300
2021-09-07,167.7100067138672,169.77999877929688,167.6300048828125,169.55999755859375,10004600
2021-09-08,167.2899932861328,168.0800018310547,166.6999969482422,168.02000427246094,6576000
2021-09-09,168.02999877929688,168.27999877929688,166.8300018310547,168.1699981689453,6641400
2021-09-10,167.17999267578125,168.0800018310547,167.14999389648438,167.80999755859375,7426300
2021-09-13,167.74000549316406,168.22000122070312,167.39999389648438,167.4499969482422,5474300
2021-09-14,168.82000732421875,169.16000366210938,167.47999572753906,168.22000122070312,7922900
2021-09-15,167.8300018310547,168.36000061035156,167.4499969482422,168.1300048828125,5624900
2021-09-16,164.02999877929688,164.44000244140625,163.22999572753906,164.3800048828125,11780400
2021-09-17,163.77000427246094,164.32000732421875,163.39999389648438,163.86000061035156,8369700
2021-09-20,164.94000244140625,165.27999877929688,164.07000732421875,164.2899932861328,7566600
2021-09-21,166.0399932861328,166.6300048828125,165.49000549316406,165.80999755859375,7181500
2021-09-22,165.4199981689453,167.14999389648438,165.02999877929688,165.88999938964844,9777800
2021-09-23,163.50999450683594,164.1999969482422,163.27000427246094,164.10000610351562,8451900
2021-09-24,163.3000030517578,164.0,162.74000549316406,163.0,6937500
2021-09-27,163.63999938964844,164.36000061035156,163.50999450683594,163.85000610351562,4943000
2021-09-28,162.0500030517578,162.82000732421875,161.72999572753906,162.72999572753906,9282800
2021-09-29,161.32000732421875,162.74000549316406,160.97000122070312,162.35000610351562,8360700
2021-09-30,164.22000122070312,164.9499969482422,162.33999633789062,162.66000366210938,10572900
2021-10-01,164.58999633789062,164.9600067138672,163.88999938964844,164.27000427246094,6654700
2021-10-04,165.36000061035156,165.5399932861328,163.47000122070312,163.69000244140625,7651700
2021-10-05,164.58999633789062,164.85000610351562,163.49000549316406,163.94000244140625,5617300
2021-10-06,165.02999877929688,165.05999755859375,164.14999389648438,164.22999572753906,6067200
2021-10-07,164.16000366210938,164.85000610351562,163.9600067138672,164.02000427246094,4791500
2021-10-08,164.22999572753906,166.4199981689453,164.13999938964844,166.32000732421875,8536100
2021-10-11,163.9199981689453,164.5800018310547,163.91000366210938,164.0399932861328,3820100
2021-10-12,164.66000366210938,165.44000244140625,164.30999755859375,164.57000732421875,5453000
2021-10-13,167.58999633789062,167.9199981689453,165.27999877929688,165.27999877929688,11113800
2021-10-14,168.0,168.22000122070312,167.7100067138672,168.19000244140625,5081400
2021-10-15,165.3300018310547,166.08999633789062,165.10000610351562,165.38999938964844,8699200
2021-10-18,164.9199981689453,165.58999633789062,164.80999755859375,165.4199981689453,4029600
2021-10-19,165.4499969482422,166.5,165.1999969482422,166.5,6588500
2021-10-20,166.89999389648438,167.11000061035156,165.92999267578125,166.2100067138672,5022000
2021-10-21,166.75,166.94000244140625,166.24000549316406,166.6999969482422,4412400
2021-10-22,167.77000427246094,169.5399932861328,166.6699981689453,168.6699981689453,10703900
2021-10-25,168.92999267578125,169.2100067138672,168.52999877929688,168.66000366210938,4881300
2021-10-26,167.67999267578125,167.91000366210938,166.6300048828125,167.8800048828125,6658900
2021-10-27,168.1199951171875,168.1999969482422,166.86000061035156,167.72999572753906,5823100
2021-10-28,168.0800018310547,169.25,167.52999877929688,168.97999572753906,7000700
2021-10-29,166.64999389648438,166.72999572753906,165.63999938964844,166.2899932861328,7531900
2021-11-01,167.52000427246094,167.83999633789062,166.91000366210938,167.3800048828125,4975600
2021-11-02,167.16000366210938,167.6300048828125,166.9600067138672,167.42999267578125,3760700
2021-11-03,165.77000427246094,165.9499969482422,164.3800048828125,165.33999633789062,9055200
2021-11-04,167.64999389648438,168.13999938964844,167.3699951171875,167.50999450683594,6656100
2021-11-05,169.83999633789062,169.94000244140625,167.85000610351562,168.4199981689453,9368900
2021-11-08,170.4499969482422,170.6999969482422,170.05999755859375,170.42999267578125,4966100
2021-11-09,171.2899932861328,171.30999755859375,170.1199951171875,170.72999572753906,5781200
2021-11-10,173.14999389648438,174.64999389648438,172.11000061035156,173.6699981689453,11461800
2021-11-11,174.1199951171875,174.27000427246094,173.74000549316406,173.97999572753906,5959600
2021-11-12,174.4499969482422,174.6699981689453,173.39999389648438,173.50999450683594,7894800
2021-11-15,174.17999267578125,174.58999633789062,173.69000244140625,174.10000610351562,5630800
2021-11-16,172.9199981689453,174.47999572753906,172.86000061035156,173.97000122070312,8667300
2021-11-17,174.5,174.61000061035156,173.88999938964844,174.24000549316406,6523100
2021-11-18,173.94000244140625,174.36000061035156,173.52999877929688,173.9600067138672,6252000
2021-11-19,172.61000061035156,174.10000610351562,172.24000549316406,173.69000244140625,8785600
2021-11-22,168.74000549316406,170.44000244140625,168.4199981689453,169.89999389648438,13091900
2021-11-23,167.27999877929688,167.60000610351562,166.52999877929688,167.27999877929688,8047800
2021-11-24,167.1199951171875,167.44000244140625,166.32000732421875,166.5800018310547,5359500
2021-11-26,166.85000610351562,168.63999938964844,166.3699951171875,168.60000610351562,9605200
2021-11-29,166.6199951171875,167.25999450683594,166.3800048828125,166.83999633789062,7394900
2021-11-30,165.5,169.00999450683594,165.3699951171875,167.77000427246094,12925300
2021-12-01,166.16000366210938,167.47000122070312,166.05999755859375,166.83999633789062,7808600
2021-12-02,165.24000549316406,165.94000244140625,164.6300048828125,165.88999938964844,9604100
2021-12-03,166.6300048828125,166.92999267578125,165.0,165.49000549316406,9507900
2021-12-06,166.22000122070312,166.8000030517578,165.92999267578125,166.13999938964844,4813600
2021-12-07,166.80999755859375,167.0800018310547,166.17999267578125,166.1999969482422,4900700
2021-12-08,166.89999389648438,166.9600067138672,166.27999877929688,166.50999450683594,4288900
2021-12-09,165.8800048828125,166.5800018310547,165.64999389648438,166.5399932861328,4913800
2021-12-10,166.5800018310547,166.9199981689453,166.17999267578125,166.72000122070312,6450600
2021-12-13,167.0,167.25999450683594,166.6699981689453,166.89999389648438,6610700
2021-12-14,165.44000244140625,166.13999938964844,165.16000366210938,165.33999633789062,8637900
2021-12-15,166.14999389648438,166.39999389648438,163.8000030517578,165.27000427246094,14231200
2021-12-16,168.16000366210938,168.17999267578125,166.94000244140625,167.00999450683594,11186200
2021-12-17,167.8000030517578,169.1300048828125,167.77999877929688,168.72999572753906,9856900
2021-12-20,167.08999633789062,168.0,167.05999755859375,167.8800048828125,6973000
2021-12-21,167.02000427246094,167.77999877929688,166.74000549316406,167.69000244140625,4548500
2021-12-22,168.58999633789062,168.63999938964844,167.11000061035156,167.5800018310547,4672900
2021-12-23,168.97000122070312,169.16000366210938,168.00999450683594,168.69000244140625,4551100
2021-12-27,169.3699951171875,169.4199981689453,168.77999877929688,168.9600067138672,4760300
2021-12-28,168.63999938964844,169.64999389648438,168.6199951171875,169.3300018310547,4541900
2021-12-29,168.58999633789062,168.69000244140625,167.27999877929688,167.36000061035156,5889700
2021-12-30,169.8000030517578,169.80999755859375,168.3699951171875,168.42999267578125,5426300
2021-12-31,170.9600067138672,171.0399932861328,170.0399932861328,170.52999877929688,7039300
2022-01-03,168.3300018310547,169.00999450683594,168.0,168.86000061035156,9014400
2022-01-04,169.57000732421875,169.72000122070312,168.72999572753906,168.89999389648438,6965600
2022-01-05,169.05999755859375,170.92999267578125,168.89999389648438,170.6199951171875,8715600
2022-01-06,166.99000549316406,167.75,166.86000061035156,167.16000366210938,10902700
2022-01-07,167.75,168.00999450683594,166.86000061035156,167.3699951171875,8191900
2022-01-10,168.25999450683594,168.3000030517578,167.30999755859375,167.36000061035156,7026500
2022-01-11,170.2899932861328,170.30999755859375,168.3699951171875,168.44000244140625,8369000
2022-01-12,170.74000549316406,170.75,170.00999450683594,170.19000244140625,6280700
2022-01-13,170.16000366210938,170.22000122070312,169.27000427246094,170.08999633789062,7034200
2022-01-14,169.6699981689453,170.55999755859375,169.47999572753906,170.22000122070312,7865900
2022-01-18,169.38999938964844,170.00999450683594,169.08999633789062,169.63999938964844,9322800
2022-01-19,172.0800018310547,172.19000244140625,170.1999969482422,170.38999938964844,15784500
2022-01-20,171.64999389648438,172.60000610351562,171.58999633789062,172.30999755859375,9570500
2022-01-21,171.08999633789062,172.1199951171875,170.74000549316406,172.0399932861328,10982500
2022-01-24,172.02999877929688,172.13999938964844,170.85000610351562,171.77999877929688,15727700
2022-01-25,172.5800018310547,173.14999389648438,171.77999877929688,171.9499969482422,17382100
2022-01-26,169.7899932861328,171.72999572753906,169.47999572753906,171.38999938964844,17799400
2022-01-27,167.60000610351562,169.08999633789062,167.3300018310547,168.02000427246094,15867300
2022-01-28,167.10000610351562,167.4600067138672,166.3699951171875,166.55999755859375,9782500
2022-01-31,168.08999633789062,168.13999938964844,167.4600067138672,167.7899932861328,8539300
2022-02-01,168.22999572753906,168.85000610351562,167.8699951171875,168.57000732421875,9763900
2022-02-02,168.83999633789062,169.1199951171875,168.16000366210938,168.33999633789062,9085300
2022-02-03,168.60000610351562,168.82000732421875,167.02999877929688,168.30999755859375,10650800
2022-02-04,168.86000061035156,169.10000610351562,167.99000549316406,168.0399932861328,9619600
2022-02-07,170.11000061035156,170.3000030517578,169.19000244140625,169.4499969482422,7796900
2022-02-08,170.6300048828125,170.77999877929688,169.9499969482422,170.10000610351562,5802000
2022-02-09,171.2100067138672,171.4199981689453,170.5500030517578,170.67999267578125,8002800
2022-02-10,170.55999755859375,171.99000549316406,170.4600067138672,170.52000427246094,10693500
2022-02-11,173.80999755859375,174.1999969482422,170.7100067138672,170.75,25741500
2022-02-14,174.74000549316406,175.0,173.67999267578125,173.77999877929688,13650700
2022-02-15,173.0800018310547,173.33999633789062,172.38999938964844,173.10000610351562,12603600
2022-02-16,174.86000061035156,174.86000061035156,173.47999572753906,173.49000549316406,12772100
2022-02-17,177.25,177.52999877929688,176.38999938964844,176.6999969482422,18612500
2022-02-18,177.1199951171875,177.25,176.50999450683594,177.07000732421875,12760700
2022-02-22,177.49000549316406,178.07000732421875,176.82000732421875,177.6699981689453,14960500
2022-02-23,178.2899932861328,178.38999938964844,177.36000061035156,177.38999938964844,11772200
2022-02-24,177.13999938964844,182.60000610351562,175.27000427246094,182.58999633789062,32726000
2022-02-25,176.5500030517578,176.7899932861328,175.7899932861328,176.4199981689453,11530900
2022-02-28,178.3800048828125,178.99000549316406,176.5,178.86000061035156,16055800
2022-03-01,181.6199951171875,181.75999450683594,179.02999877929688,179.0500030517578,21942100
2022-03-02,179.72999572753906,180.7100067138672,178.7899932861328,180.1300048828125,19727200
2022-03-03,180.8000030517578,181.3000030517578,179.5,179.9600067138672,15164400
2022-03-04,183.67999267578125,183.97999572753906,181.36000061035156,182.11000061035156,22390100
2022-03-07,186.41000366210938,186.63999938964844,184.22000122070312,184.4499969482422,27951800
2022-03-08,191.50999450683594,193.3000030517578,188.25999450683594,188.35000610351562,47347700
2022-03-09,185.82000732421875,187.22999572753906,184.75999450683594,186.0399932861328,26839700
2022-03-10,186.39999389648438,187.3800048828125,184.99000549316406,186.8800048828125,18455200
2022-03-11,185.08999633789062,185.77999877929688,183.44000244140625,183.74000549316406,14824700
2022-03-14,182.3000030517578,183.2899932861328,181.9499969482422,183.02999877929688,13186400
2022-03-15,178.88999938964844,180.27000427246094,178.00999450683594,179.10000610351562,16962300
2022-03-16,180.00999450683594,180.1199951171875,176.8699951171875,179.1300048828125,17548100
2022-03-17,180.88999938964844,182.02999877929688,180.64999389648438,181.16000366210938,10954100
2022-03-18,179.3000030517578,180.92999267578125,179.0399932861328,179.92999267578125,13996500
2022-03-21,180.6699981689453,181.2899932861328,179.32000732421875,179.3300018310547,10582200
2022-03-22,179.36000061035156,179.7100067138672,178.32000732421875,179.60000610351562,9621800
2022-03-23,181.80999755859375,181.88999938964844,179.75999450683594,180.2899932861328,12557300
2022-03-24,183.1300048828125,183.50999450683594,181.77000427246094,182.35000610351562,10970100
2022-03-25,182.3800048828125,183.1300048828125,181.35000610351562,181.80999755859375,7911100
2022-03-28,179.05999755859375,181.3300018310547,178.85000610351562,180.3800048828125,9489700
2022-03-29,179.13999938964844,179.3300018310547,176.69000244140625,177.02000427246094,10458900
2022-03-30,180.5800018310547,180.9199981689453,179.67999267578125,179.75999450683594,8361300
2022-03-31,180.64999389648438,181.9600067138672,180.55999755859375,180.91000366210938,9844400
2022-04-01,179.5,180.4600067138672,178.97999572753906,179.5500030517578,13034400
2022-04-04,180.3699951171875,180.80999755859375,179.5800018310547,180.24000549316406,7063100
2022-04-05,179.24000549316406,181.49000549316406,178.92999267578125,180.91000366210938,10828500
2022-04-06,179.66000366210938,180.30999755859375,178.6999969482422,179.77999877929688,8942100
2022-04-07,180.33999633789062,180.8800048828125,179.8000030517578,179.8699951171875,10140600
2022-04-08,181.47000122070312,181.82000732421875,180.52000427246094,180.52000427246094,10655700
2022-04-11,182.3699951171875,183.3300018310547,181.11000061035156,183.1699981689453,10071300
2022-04-12,183.77000427246094,184.63999938964844,182.9600067138672,184.0399932861328,12024600
2022-04-13,184.64999389648438,184.94000244140625,184.1300048828125,184.5,8651600
2022-04-14,184.0399932861328,184.41000366210938,182.8800048828125,184.27999877929688,11567200
2022-04-18,184.61000061035156,186.10000610351562,184.38999938964844,185.9499969482422,8886700
2022-04-19,181.82000732421875,183.64999389648438,181.3300018310547,183.19000244140625,12585600
2022-04-20,182.7100067138672,182.72000122070312,181.35000610351562,181.58999633789062,7038600
2022-04-21,182.05999755859375,182.32000732421875,180.77999877929688,181.77000427246094,9639800
2022-04-22,180.2899932861328,181.61000061035156,179.74000549316406,180.72000122070312,9147000
2022-04-25,177.0500030517578,177.50999450683594,176.47999572753906,177.1699981689453,13073700
2022-04-26,177.32000732421875,178.3000030517578,176.9199981689453,177.9499969482422,9042400
2022-04-27,175.97999572753906,176.63999938964844,175.5,176.4600067138672,8854700
2022-04-28,176.92999267578125,176.97000122070312,175.69000244140625,175.9199981689453,6381100
2022-04-29,176.91000366210938,178.6199951171875,176.7100067138672,178.07000732421875,7719700
2022-05-02,173.6300048828125,174.64999389648438,172.97999572753906,173.61000061035156,14318600
2022-05-03,174.08999633789062,175.2100067138672,173.85000610351562,173.88999938964844,7214300
2022-05-04,175.8000030517578,176.35000610351562,173.6699981689453,174.32000732421875,10491700
2022-05-05,175.1300048828125,177.61000061035156,174.66000366210938,177.55999755859375,12794200
2022-05-06,175.4199981689453,176.55999755859375,174.86000061035156,175.38999938964844,7643300
2022-05-09,172.8800048828125,174.27000427246094,172.7899932861328,174.27000427246094,10742400
2022-05-10,171.4199981689453,173.9600067138672,171.1999969482422,173.8000030517578,11010400
2022-05-11,172.82000732421875,173.32000732421875,172.1999969482422,172.50999450683594,9179600
2022-05-12,170.1699981689453,172.39999389648438,169.89999389648438,172.07000732421875,11626800
2022-05-13,168.7899932861328,169.6199951171875,168.00999450683594,168.30999755859375,13031100
2022-05-16,170.39999389648438,170.42999267578125,168.33999633789062,168.42999267578125,7319300
2022-05-17,169.3300018310547,170.52999877929688,169.13999938964844,170.44000244140625,6441100
2022-05-18,169.4199981689453,170.2100067138672,168.80999755859375,169.00999450683594,7472900
2022-05-19,171.91000366210938,172.52000427246094,170.88999938964844,171.5500030517578,10580300
2022-05-20,172.02999877929688,172.24000549316406,170.88999938964844,171.7100067138672,6578100
2022-05-23,172.8300018310547,173.3800048828125,172.27999877929688,173.1300048828125,5518500
2022-05-24,174.1300048828125,174.41000366210938,173.35000610351562,173.47000122070312,6794000
2022-05-25,173.0800018310547,173.16000366210938,171.72999572753906,172.7899932861328,4595900
2022-05-26,172.75999450683594,172.92999267578125,171.75999450683594,172.1300048828125,6467000
2022-05-27,172.85000610351562,173.52000427246094,172.63999938964844,173.49000549316406,3847900
2022-05-31,171.13999938964844,173.07000732421875,171.0800018310547,172.7100067138672,6244000
2022-06-01,172.22999572753906,172.52999877929688,171.38999938964844,172.2100067138672,6946500
2022-06-02,174.35000610351562,174.4499969482422,173.49000549316406,173.66000366210938,5623100
2022-06-03,172.5800018310547,173.97000122070312,172.25,173.52999877929688,5519400
2022-06-06,171.82000732421875,172.88999938964844,171.64999389648438,172.80999755859375,3766000
2022-06-07,172.94000244140625,173.0500030517578,171.99000549316406,172.11000061035156,3860000
2022-06-08,172.77999877929688,173.4499969482422,172.6699981689453,172.88999938964844,5140800
2022-06-09,172.22999572753906,172.58999633789062,171.5800018310547,172.4499969482422,4701100
2022-06-10,174.5399932861328,174.94000244140625,170.4600067138672,170.88999938964844,16856100
2022-06-13,169.92999267578125,171.33999633789062,169.61000061035156,171.17999267578125,13265200
2022-06-14,168.57000732421875,169.72999572753906,168.3000030517578,169.61000061035156,7347900
2022-06-15,170.77000427246094,171.83999633789062,169.0800018310547,170.39999389648438,9000300
2022-06-16,172.69000244140625,172.77000427246094,170.1699981689453,170.55999755859375,8823600
2022-06-17,171.27000427246094,172.3000030517578,170.97000122070312,172.14999389648438,7407200
2022-06-21,170.6300048828125,171.91000366210938,170.47000122070312,171.05999755859375,5608500
2022-06-22,171.30999755859375,172.3000030517578,171.10000610351562,171.61000061035156,6558700
2022-06-23,170.25999450683594,172.1300048828125,169.89999389648438,171.38999938964844,6535300
2022-06-24,170.08999633789062,170.74000549316406,169.85000610351562,170.24000549316406,6143100
2022-06-27,169.89999389648438,170.6699981689453,169.75,170.60000610351562,5719700
2022-06-28,169.6199951171875,170.2100067138672,169.50999450683594,170.07000732421875,2982700
2022-06-29,169.49000549316406,170.6999969482422,169.1699981689453,170.5800018310547,4785600
2022-06-30,168.4600067138672,169.9600067138672,168.24000549316406,169.50999450683594,9144400
2022-07-01,168.32000732421875,168.67999267578125,166.9600067138672,167.13999938964844,11380300
2022-07-05,164.75,167.3300018310547,164.41000366210938,167.17999267578125,14035400
2022-07-06,162.13999938964844,164.57000732421875,161.47000122070312,164.32000732421875,11861100
2022-07-07,162.22999572753906,163.0399932861328,162.05999755859375,162.42999267578125,4588400
2022-07-08,162.3000030517578,163.3800048828125,161.83999633789062,162.35000610351562,4584100
2022-07-11,161.42999267578125,162.44000244140625,161.3800048828125,161.92999267578125,4321700
2022-07-12,160.8300018310547,161.6199951171875,160.72000122070312,161.22000122070312,5375100
2022-07-13,161.60000610351562,162.7100067138672,160.05999755859375,160.10000610351562,8456600
2022-07-14,159.3300018310547,159.8300018310547,158.22000122070312,159.02000427246094,12213600
2022-07-15,159.00999450683594,159.25,158.35000610351562,159.00999450683594,6783800
2022-07-18,159.16000366210938,160.42999267578125,159.0500030517578,160.0800018310547,5791800
2022-07-19,159.5399932861328,159.8699951171875,159.3300018310547,159.47000122070312,3796200
2022-07-20,158.0399932861328,159.82000732421875,158.02999877929688,159.7100067138672,4795800
2022-07-21,160.27000427246094,160.30999755859375,158.27000427246094,158.30999755859375,5863300
2022-07-22,160.6699981689453,162.1300048828125,160.35000610351562,160.5500030517578,5733800
2022-07-25,160.22999572753906,160.6999969482422,159.80999755859375,160.63999938964844,3713400
2022-07-26,160.0399932861328,160.5,159.7899932861328,160.22999572753906,2672800
2022-07-27,161.6699981689453,162.2100067138672,159.50999450683594,160.02000427246094,5766100
2022-07-28,163.63999938964844,163.75999450683594,162.8800048828125,163.30999755859375,5606400
2022-07-29,164.10000610351562,164.69000244140625,163.27999877929688,163.88999938964844,7537300
2022-08-01,165.02999877929688,165.41000366210938,164.41000366210938,164.97999572753906,4666900
2022-08-02,164.0500030517578,166.4600067138672,164.02000427246094,165.66000366210938,5725400
2022-08-03,164.4499969482422,164.91000366210938,163.47999572753906,164.77000427246094,4417800
2022-08-04,167.1699981689453,167.30999755859375,165.33999633789062,165.52999877929688,5502000
2022-08-05,165.2899932861328,165.83999633789062,164.8699951171875,164.99000549316406,6023300
2022-08-08,166.69000244140625,166.80999755859375,165.92999267578125,166.02999877929688,3456300
2022-08-09,167.1999969482422,167.8000030517578,166.82000732421875,167.47999572753906,3205500
2022-08-10,166.77999877929688,167.97999572753906,166.6199951171875,167.38999938964844,4077300
2022-08-11,166.33999633789062,167.66000366210938,166.30999755859375,167.16000366210938,4446000
2022-08-12,167.8699951171875,167.94000244140625,166.8300018310547,167.1699981689453,5151700
2022-08-15,165.7100067138672,166.25,165.44000244140625,165.99000549316406,5236100
2022-08-16,165.4199981689453,165.72000122070312,165.17999267578125,165.30999755859375,4291500
2022-08-17,164.35000610351562,165.22999572753906,163.9499969482422,165.2100067138672,5569100
2022-08-18,163.9199981689453,164.91000366210938,163.5399932861328,164.60000610351562,3646100
2022-08-19,162.72000122070312,163.74000549316406,162.6199951171875,163.64999389648438,8173000
2022-08-22,161.63999938964844,162.1199951171875,161.36000061035156,161.66000366210938,4458100
2022-08-23,162.77000427246094,163.42999267578125,161.91000366210938,161.9600067138672,4425100
2022-08-24,163.25,163.61000061035156,162.3699951171875,162.44000244140625,3202400
2022-08-25,163.75,163.99000549316406,163.24000549316406,163.97000122070312,2857500
2022-08-26,161.75999450683594,163.61000061035156,161.5500030517578,163.1199951171875,6689300
2022-08-29,161.86000061035156,162.6199951171875,161.6999969482422,161.8800048828125,4702300
2022-08-30,160.50999450683594,161.42999267578125,160.33999633789062,161.27000427246094,4856600
2022-08-31,159.27000427246094,160.57000732421875,159.25999450683594,159.5,5438600
2022-09-01,157.8699951171875,158.38999938964844,157.32000732421875,158.1699981689453,7390800
2022-09-02,159.25999450683594,160.05999755859375,159.13999938964844,159.35000610351562,5196900
2022-09-06,158.3300018310547,159.4600067138672,158.32000732421875,159.1699981689453,4863800
2022-09-07,159.94000244140625,160.14999389648438,158.0800018310547,158.14999389648438,3981400
2022-09-08,158.97999572753906,159.86000061035156,158.7100067138672,159.5399932861328,4607100
2022-09-09,159.82000732421875,160.24000549316406,159.41000366210938,159.72000122070312,3927800
2022-09-12,160.6300048828125,161.6199951171875,160.5500030517578,161.0399932861328,4537500
2022-09-13,158.5399932861328,159.27000427246094,158.38999938964844,158.47000122070312,6526400
2022-09-14,157.92999267578125,158.97999572753906,157.72999572753906,158.67999267578125,6091100
2022-09-15,154.97999572753906,157.49000549316406,154.6199951171875,156.75999450683594,13181200
2022-09-16,155.83999633789062,156.55999755859375,154.33999633789062,154.66000366210938,7141200
2022-09-19,155.9600067138672,156.0399932861328,154.82000732421875,154.8699951171875,5582800
2022-09-20,155.07000732421875,155.22999572753906,154.58999633789062,155.02999877929688,5943700
2022-09-21,155.7899932861328,157.25,154.00999450683594,155.97000122070312,7816100
2022-09-22,155.6999969482422,156.47999572753906,155.30999755859375,156.25999450683594,5975200
2022-09-23,153.00999450683594,154.0,152.63999938964844,153.89999389648438,9598000
2022-09-26,151.22999572753906,153.50999450683594,151.02999877929688,153.22000122070312,8240500
2022-09-27,151.5399932861328,152.72999572753906,151.5,152.25,7151300
2022-09-28,154.69000244140625,154.8800048828125,152.92999267578125,153.1999969482422,8977200
2022-09-29,154.66000366210938,155.02999877929688,153.16000366210938,154.13999938964844,6317000
2022-09-30,154.6699981689453,156.0399932861328,154.57000732421875,154.94000244140625,6832400
2022-10-03,158.42999267578125,158.47999572753906,155.22999572753906,155.44000244140625,10362200
2022-10-04,160.6999969482422,161.0800018310547,158.9199981689453,159.17999267578125,8024500
2022-10-05,159.80999755859375,160.0800018310547,158.3800048828125,159.32000732421875,5296300
2022-10-06,159.6300048828125,159.94000244140625,158.9499969482422,159.41000366210938,5712600
2022-10-07,157.8800048828125,158.97999572753906,157.67999267578125,158.4600067138672,5030000
2022-10-10,155.47999572753906,156.35000610351562,155.1199951171875,155.94000244140625,6110800
2022-10-11,155.16000366210938,156.80999755859375,154.9199981689453,155.49000549316406,5306700
2022-10-12,155.99000549316406,156.2899932861328,155.25999450683594,155.50999450683594,3998500
2022-10-13,154.91000366210938,155.72999572753906,152.9199981689453,153.47999572753906,7083800
2022-10-14,152.97999572753906,154.1999969482422,152.72000122070312,154.02000427246094,5471900
2022-10-17,153.4199981689453,155.3300018310547,153.32000732421875,154.9199981689453,4348000
2022-10-18,153.75,154.24000549316406,153.24000549316406,154.0800018310547,4528400
2022-10-19,151.69000244140625,152.49000549316406,151.5399932861328,152.08999633789062,8257100
2022-10-20,151.4499969482422,153.22999572753906,151.27000427246094,151.9199981689453,5019800
2022-10-21,154.14999389648438,154.30999755859375,151.8300018310547,151.97999572753906,6898400
2022-10-24,153.64999389648438,154.05999755859375,153.05999755859375,153.4499969482422,4673300
2022-10-25,154.0,154.7899932861328,153.8300018310547,153.9600067138672,3434100
2022-10-26,154.97999572753906,155.72999572753906,154.77999877929688,154.77999877929688,4448200
2022-10-27,154.74000549316406,155.08999633789062,154.22000122070312,154.7100067138672,3654900
2022-10-28,153.16000366210938,153.5399932861328,152.5,152.9600067138672,4645400
2022-10-31,151.91000366210938,152.8699951171875,151.88999938964844,152.16000366210938,6097800
2022-11-01,153.4600067138672,153.97999572753906,152.8699951171875,153.82000732421875,4603600
2022-11-02,152.38999938964844,155.4199981689453,152.25999450683594,154.16000366210938,7210900
2022-11-03,151.80999755859375,151.9600067138672,150.57000732421875,150.6999969482422,5378800
2022-11-04,156.47000122070312,156.60000610351562,154.66000366210938,154.9499969482422,7692000
2022-11-07,155.85000610351562,156.57000732421875,155.80999755859375,156.22000122070312,4425700
2022-11-08,159.4499969482422,159.8699951171875,155.97999572753906,155.99000549316406,11299600
2022-11-09,158.64999389648438,160.35000610351562,158.4499969482422,159.36000061035156,6040600
2022-11-10,163.47999572753906,163.50999450683594,161.66000366210938,162.00999450683594,9939900
2022-11-11,164.55999755859375,164.5800018310547,163.4199981689453,163.91000366210938,4622400
2022-11-14,164.9199981689453,165.24000549316406,164.14999389648438,164.1999969482422,6187600
2022-11-15,165.5,166.22999572753906,164.55999755859375,165.27000427246094,9903500
2022-11-16,165.1199951171875,165.7100067138672,164.8300018310547,165.41000366210938,3645800
2022-11-17,163.9199981689453,164.11000061035156,163.39999389648438,163.7899932861328,4574400
2022-11-18,162.7899932861328,163.69000244140625,162.67999267578125,163.3800048828125,4321100
2022-11-21,161.8800048828125,162.5,161.27999877929688,162.44000244140625,4766500
2022-11-22,162.07000732421875,162.60000610351562,161.72000122070312,162.3000030517578,3203800
2022-11-23,163.0800018310547,163.24000549316406,161.55999755859375,161.69000244140625,4167000
2022-11-25,163.22000122070312,163.42999267578125,162.75999450683594,162.85000610351562,1436500
2022-11-28,161.92999267578125,163.05999755859375,161.91000366210938,162.92999267578125,4052900
2022-11-29,162.72999572753906,163.6300048828125,162.60000610351562,162.6999969482422,2620600
2022-11-30,164.80999755859375,164.80999755859375,162.39999389648438,163.69000244140625,4874700
2022-12-01,167.83999633789062,167.9499969482422,166.97999572753906,167.47999572753906,8625800
2022-12-02,167.25999450683594,167.47000122070312,165.75999450683594,166.17999267578125,5185900
2022-12-05,164.38999938964844,166.72000122070312,164.32000732421875,166.5500030517578,5436200
2022-12-06,164.83999633789062,165.5399932861328,164.4499969482422,165.1999969482422,3597800
2022-12-07,166.3300018310547,166.63999938964844,165.32000732421875,165.47000122070312,4610700
2022-12-08,166.47000122070312,167.0500030517578,166.07000732421875,166.5800018310547,3217900
2022-12-09,167.05999755859375,168.08999633789062,166.60000610351562,167.25999450683594,5431300
2022-12-12,165.67999267578125,166.60000610351562,165.42999267578125,166.44000244140625,3504400
2022-12-13,168.50999450683594,169.7899932861328,168.02000427246094,169.2100067138672,6750200
2022-12-14,168.10000610351562,168.80999755859375,167.13999938964844,168.42999267578125,5643000
2022-12-15,165.35000610351562,166.2100067138672,165.10000610351562,165.72999572753906,8363000
2022-12-16,166.7899932861328,166.97999572753906,165.83999633789062,166.02000427246094,5372000
2022-12-19,166.32000732421875,167.11000061035156,165.99000549316406,166.7100067138672,3940500
2022-12-20,169.0800018310547,169.52999877929688,168.02999877929688,168.10000610351562,7803100
2022-12-21,168.8000030517578,169.7100067138672,168.67999267578125,169.0399932861328,3990100
2022-12-22,166.75999450683594,167.75999450683594,166.05999755859375,167.75999450683594,5672700
2022-12-23,167.25999450683594,167.8000030517578,166.66000366210938,166.8800048828125,2912300
2022-12-27,168.6699981689453,170.61000061035156,167.8000030517578,167.88999938964844,6885700
2022-12-28,167.91000366210938,168.33999633789062,167.10000610351562,168.0500030517578,3662500
2022-12-29,168.85000610351562,169.35000610351562,168.52000427246094,168.5399932861328,3345900
2022-12-30,169.63999938964844,169.89999389648438,168.8000030517578,169.25999450683594,2864500
